idx,Entity
1,US military
2, Anthropologists
3, US Army
4, Afghanistan
5, Iraq
6, Christian Science Monitor
7, Human Terrain System (HTS)
8, American Anthropological Association
9, Commission on the Engagement of Anthropology with the US Security and Intelligence Communities
10, CEAUSSIC
11, AAA
12, DoD
13, General-in-Chief He Jin
14, Empress He
15, Yuan Shao
16, He Miao
17, He Jin
18, Emperor Shao
19, Liu Xie
20, Emperor Xian of Han
21, Zhang Rang
22, IEEE
23, 802.3af
24, Power over Ethernet (PoE)
25, USB
26, Yellow River
27, VoIP telephones
28, security cameras
29, wireless access points
30, French Equatorial Africa
31, Ubangi-Shari
32, Brazzaville
33, Congo-Ocean Railway
34, Ubangians
35, Congo
36, Tamagotchis
37, Digimon
38, Tyrannomon
39, Kenji Watanabe
40, X-Antibody
41, Japan
42, American comics
43, Senate
44, cosmos
45, public priests
46, augurs
47, haruspices
48, BC
49,"Here are the extracted entities in the required format:

Punic Wars"
50, Senate
51, Greece
52, Mycenaean civilization
53, Classical period
54, Roman period
55, Eastern Roman period
56, Christianity
57, Ottoman Greeks
58, Diafotismos
59, batons
60, tear gas
61, riot control agents
62, rubber bullets
63, riot shields
64, water cannons
65, electroshock weapons
66, handcuffs
67, Brazil
68, Jacob Zuma
69, South Africa
70, PlayStation Store
71, Sony
72, PlayStation 3
73, PlayStation Portable
74, PlayStation Network
75, XMB
76, Media Go
77, September 2009
78, Tidewater glaciers
79, Greenland
80, Antarctica
81, Baffin Islands
82, Ellesmere Islands
83, Canada
84, Southeast Alaska
85, Patagonian Ice Fields
86, Hernando de Soto
87, Tristan de Luna
88, Juan Pardo
89, Tennessee
90, Muscogee people
91, Yuchi people
92, Virginia
93, Cherokee
94, Southampton
95, Southampton Water
96, Test river
97, Itchen river
98, Napoleon
99, Smolensk
100, Russia
101,"Here are the extracted entities concatenated with commas:

Molotov"
102, Germany
103, Hitler
104, Soviet Union
105," ""Crazy in Love"""
106, VH1
107, NME
108, Rolling Stone
109, Grammy Awards
110, YouTube
111, Toronto Star
112," ""Single Ladies (Put a Ring on It)"""
113, Drake
114, Beyoncé
115, Destiny Child
116," ""Say My Name"""
117, Bryan Lessard
118, Scaptia beyonceae
119, Northern Queensland
120, Australia
121, Rock and Roll Hall of Fame
122, United States
123, United States Constitution
124, Congress
125, Senate
126, executive branch
127, federal judiciary
128, United States Code
129, Hyderabad
130, Telugu
131, Urdu
132, Bengali
133, Gujarati
134, Kannada
135, Malayalam
136, Marathi
137, Marwari
138, Odia
139, Punjabi
140, Tamil
141, Uttar Pradeshi
142, Hyderabadi Urdu
143, Dakhini
144, Hyderabadi Muslims
145, Hadhrami Arabs
146, African Arabs
147, Armenians
148, Abyssinians
149, Iranians
150, Pathans
151, Turkish people
152, Saint Barthélemy
153, Gustavia
154, Caribbean
155, Guadeloupe
156, Napoleonic Wars
157, Sweden
158, Three Crowns
159, Guadeloupe
160, French
161, Madonna
162, Pepsi
163, Christmas
164, new year
165, Like a Prayer
166, Patrick Leonard
167, Stephen Bray
168, Vatican
169, Catholic
170, Patrick Leonard
171, Stephen Bray
172, Rolling Stone.
173,Here's the list of entities extracted from the text
174," concatenated with commas:

Like a Prayer"
175, Billboard 200
176, U.S.
177, 15 million
178, 4 million
179, Six
180, Like a Prayer
181, Express Yourself
182, Cherish
183, Madonna
184, MTV
185, Billboard
186, Musician
187, Estonia
188, 75%
189, 85%
190, oil shale
191, wood
192, peat
193, biomass
194, 9%
195, primary energy production
196, renewable wind energy
197, 6%
198, 2009
199, western Europe
200, Russia
201, oil shale energy
202, telecommunications
203, textiles
204, chemical products
205, banking
206, services
207, food
208, fishing
209, timber
210, shipbuilding
211, electronics
212, transportation
213, Muuga
214, Tallinn
215, ice-free port
216, grain elevator
217, chill/frozen storage
218, oil tanker
219, 2010
220, United States Census
221, 39
222,558
223, 15
224,504
225, 8
226,558
227, 3
228,680.8
229, 1
230,421.2
231, 20
232,013
233, 1
234,862.2
235, 719.0
236, White
237, Black or African American
238, Native American
239, Asian
240, Pacific Islander
241, 26.65%
242, 38.29%
243, 0.61%
244, 15.55%
245, 0.05%
246, 14.03%
247, 4.82%
248, 30.45%
249, Seoul
250, South Korean
251, American
252, KPA
253, tanks
254, artillery
255, North Korean
256, Pyongyang
257, Stalin
258, Politburo
259, Soviet
260, Rene Dubos
261, B. brevis
262, tyrothricin
263, gramicidin
264, tyrocidine
265, World War II
266, Axis
267, Allied powers
268, Somalia
269, Hormuud Telecom
270, Liquid Telecom
271, broadband internet cable
272, 17
273,000 km
274, 10
275,500 mile
276, fiber optic connection
277, West Indian Ocean Cable Company
278, WIOCC
279, EASSy cable
280, Dalkom Somalia
281, Mogadishu
282, data center
283, RIBA Insight
284, RIBA Appointments
285, RIBA Publishing
286, RIBA Product Selector
287, RIBA Journal
288,Here are the extracted entities from the text
289," concatenated with commas:

RIBA"
290, RIBA Product Selector
291, RIBA Journal
292, NBS
293, National Building Specification
294, RIBA Enterprises
295, Newcastle
296, 66 Portland Place
297, European Formula One Grand Prix
298, Valencia Street Circuit
299, Barcelona
300, Porto
301, Monte Carlo
302, Formula One World Championship
303, Ferrari
304, Fernando Alonso
305, Valencian Community
306, Gran Premi de la Comunitat Valenciana de motociclisme
307, Circuit Ricardo Tormo
308, Circuit de Valencia
309, Deutsche Tourenwagen Masters
310, DTM
311, Wall Street
312, Great Depression
313, The Great Depression
314, Wall Street Crash
315, 1929
316, The Wall Street Crash
317, 20th century
318, 21st century
319, RIBA Bookshops
320, European cities
321, Grand Prix motorcycle racing season
322, Great Depression
323, Worldwide
324, Wall Street
325, The Wall Street Crash
326, 1929
327, The Great Depression
328, The Wall Street Crash
329, 20th century
330, 21st century
331, professional wrestling
332, Noble Eightfold Path
333, Buddha
334, Buddha's Noble Truths
335, Right View
336, Right Intention
337, Right Speech
338, Right Action
339, Right Livelihood
340, Right Effort
341, Right Mindfulness
342, Right Concentration
343, Constitution of Canada
344, Canada
345, federal government
346, national defence
347, CAD
348, fiscal year
349, 2008-2009
350, defence spending
351, Circuit Ricardo Tormo
352, Circuit de Valencia
353, Canadian Army
354, Royal Canadian Air Force
355, Royal Canadian Navy
356, Hellenization
357, Greeks
358, Mediterranean
359, social class
360, Greco-Macedonian elites
361, Royal families
362, Cleopatra VII
363, Ptolemaic ruler
364, Egyptian language
365, USA PATRIOT Act
366, October 2001
367, law enforcement agencies
368, telephone
369, e-mail communications
370, medical records
371, financial records
372, foreign intelligence gathering
373, Secretary of the Treasury
374, financial transactions
375, foreign individuals
376, entities
377, law enforcement authorities
378, immigration authorities
379, terrorism
380, domestic terrorism
381, Terrorist Finance Tracking Program
382, The New York Times
383, NSA
384, electronic surveillance program
385, Global telecommunication usage
386, Armenia
387, American University of Armenia
388, QSI International School of Yerevan
389, Government of Armenia
390, Armenian General Benevolent Union
391, Business
392, Law
393, Government of Armenia
394," 

However"
395, after removing duplicates
396," the list of entities is:

RIBA"
397, RIBA Product Selector
398, RIBA Journal
399, NBS
400, National Building Specification
401, RIBA Enterprises
402, Newcastle
403, 66 Portland Place
404, European Formula One Grand Prix
405, Valencia Street Circuit
406, Barcelona
407, Porto
408, Monte Carlo
409, Formula One World Championship
410, Ferrari
411, Fernando Alonso
412, Valencian Community
413, Gran Premi de la Comunitat Valenciana de motociclisme
414, Circuit Ricardo Tormo
415, Circuit de Valencia
416, Deutsche Tourenwagen Masters
417, DTM
418, Wall Street
419, Great Depression
420, Wall Street Crash
421, 1929
422, 20th century
423, 21st century
424, professional wrestling
425, Noble Eightfold Path
426, Buddha
427, Right View
428, Right Intention
429, Right Speech
430, Right Action
431, Right Livelihood
432, Right Effort
433, Right Mindfulness
434, Right Concentration
435, Constitution of Canada
436, Canada
437, federal government
438, national defence
439, CAD
440, 2008-2009
441, defence spending
442, Canadian Army
443, Royal Canadian Air Force
444, Royal Canadian Navy
445, Hellenization
446, Greeks
447, Mediterranean
448, Greco-Macedonian elites
449, Royal families
450, Cleopatra VII
451, Ptolemaic ruler
452, Egyptian language
453, USA PATRIOT Act
454, October 2001
455, law enforcement agencies
456, telephone
457, e-mail communications
458, medical records
459, financial records
460, foreign intelligence gathering
461, Secretary of the Treasury
462, financial transactions
463, foreign individuals
464, entities
465, law enforcement authorities
466, immigration authorities
467, terrorism
468, domestic terrorism
469, Terrorist Finance Tracking Program
470, The New York Times
471, NSA
472, electronic surveillance program
473, Global telecommunication usage
474, Armenia
475, American University of Armenia
476, QSI International School of Yerevan
477, Business
478, Law
479, Government of Armenia
480, Armenian General Benevolent Union
481,"Here are the entities extracted from the text and concatenated with commas:

U.S. Agency for International Development"
482, University of California
483, Government of Armenia
484, Armenian General Benevolent Union
485, OLPC
486, One Laptopschool Per child
487, National Geographic
488, United Healthcare/Pacificare
489, Sardinians
490, Okinawans
491, Adventists
492, Venus
493, Pompeii
494, Herculaneum
495, Lyon
496, Vaison-la-Romaine
497, Apple
498, Macintosh
499, System 7
500, Romans
501, Latin
502, Second Century AD
503, antennas
504, radio waves
505, Apple
506, Louis Kahn
507, Yale Art Gallery
508, Center for British Art
509, Eero Saarinen
510, Ingalls Rink
511, Ezra Stiles
512, Morse Colleges
513, Paul Rudolph
514, Art & Architecture Building
515, Hillhouse Avenue
516, Charles Dickens
517, Travel+Leisure
518, United States
519, physician
520, physician-assisted suicide
521, euthanasia
522, Gilbert and Ellice Islands Colony
523, Constitution
524, Gilbert Islands
525, Ellice Islands
526," ministerial government.

However"
527," there are some entities that appear multiple times in the text. Here is the list with duplicates removed and entities grouped together:

U.S. Agency for International Development"
528, University of California
529, Government of Armenia
530, Armenian General Benevolent Union
531, OLPC
532, One Laptopschool Per child
533, National Geographic
534, United Healthcare/Pacificare
535, Sardinians
536, Okinawans
537, Adventists
538, Venus
539, Pompeii
540, Herculaneum
541, Lyon
542, Vaison-la-Romaine
543, Apple
544, Macintosh
545, System 7
546, Romans
547, Latin
548, Second Century AD
549, antennas
550, radio waves
551, Louis Kahn
552, Yale Art Gallery
553, Center for British Art
554, Eero Saarinen
555, Ingalls Rink
556, Ezra Stiles
557, Morse Colleges
558, Paul Rudolph
559, Art & Architecture Building
560, Hillhouse Avenue
561, Charles Dickens
562, Travel+Leisure
563, United States
564, physician
565, Gilbert and Ellice Islands Colony
566, Constitution
567, Gilbert Islands
568, Ellice Islands.
569,Here are the extracted entities from the text
570," concatenated with commas:

Tuvalu"
571, British dependency
572, British government
573, Tuvaluan Order 1975
574, Gilbert and Ellice Islands Colony
575, Somalia
576, Horn of Africa
577, Dervish leader
578, Mohammed Abdullah Hassan
579, Somali soldiers
580, British empire
581, Dervish State
582, Ottoman empire
583, German empires
584, Turks
585, Emir
586, Somali nation
587, Taleex
588, Britain
589, Africa
590, airplanes
591, protectorate
592, Italy
593, Somali Sultans
594, armies
595, Fascist era
596, 1927
597, State Apartments
598, Marble Hall
599, semi-state apartments
600, luncheon parties
601, private audiences
602, 1844 Room
603, Tsar Nicholas I of Russia
604, 1855 Room
605, Emperor Napoleon III of France
606, Bow Room
607, Queen's Garden Parties
608, Queen
609, Prince Philip
610, daycare facility
611, cabinetmaker
612, university
613, guest student
614, apprenticeship
615, Alfred Adler
616, clinics
617, psychoanalyst
618, matura
619, University
620, examination
621, elementary teacher
622, after-school care club
623, socially endangered children
624, Pädagogisches Institut
625, philosophy
626, psychology
627, Josefine Anna Henninger
628, wife
629, Housing Commission of Victoria
630, freeway
631, highway developments
632, Bolte government
633, Melbourne
634, St Kilda Junction
635, Hoddle Street
636, Melbourne Transportation Plan
637, public expenditure
638, GDP
639, HIV/AIDS prevalence
640, US dollars
641, per capita
642," health expenditure.

However"
643," it seems like there are multiple texts in the given input. Here is the list of entities from the first part of the text:

Tuvalu"
644, British dependency
645, British government
646, Tuvaluan Order 1975
647, Gilbert and Ellice Islands Colony
648, Somalia
649, Horn of Africa
650, Dervish leader
651, Mohammed Abdullah Hassan
652, Somali soldiers
653, British empire
654, Dervish State
655, Ottoman empire
656, German empires
657, Turks
658, Emir
659, Somali nation
660, Taleex
661, Britain
662, Africa
663, airplanes
664, protectorate
665, Italy
666, Somali Sultans
667, armies
668, Fascist era
669, 1927
670, State Apartments
671, Marble Hall
672, semi-state apartments
673, luncheon parties
674, private audiences
675, 1844 Room
676, Tsar Nicholas I of Russia
677, 1855 Room
678, Emperor Napoleon III of France
679, Bow Room
680, Queen's Garden Parties
681, Queen
682," Prince Philip

And the list of entities from the second part of the text:

Housing Commission of Victoria"
683, freeway
684, highway developments
685, Bolte government
686, Melbourne
687, St Kilda Junction
688, Hoddle Street
689, Melbourne Transportation Plan
690, public expenditure
691, GDP
692, HIV/AIDS prevalence
693, US dollars
694, per capita
695, health expenditure
696, daycare facility
697, cabinetmaker
698, university
699, guest student
700, apprenticeship
701, Alfred Adler
702, clinics
703, psychoanalyst
704, matura
705, University
706, examination
707, elementary teacher
708, after-school care club
709, socially endangered children
710, Pädagogisches Institut
711, philosophy
712, psychology
713, Josefine Anna Henninger
714, wife
715,Here are the extracted entities from the text
716," concatenated with commas:

Congo-Brazzaville"
717, Lexington
718, Concord
719, America
720, Great Britain
721, France
722, Germany
723, Switzerland
724, Netherlands
725, England
726, Scandinavia
727, Alsace
728, Hagenau
729, Strasbourg
730, Colmar
731, Connecticut
732, Yale
733, New Haven
734, Whitneyville
735, Whitney Avenue
736, Eli Whitney
737, Simeon North
738, Samuel Colt
739, A. C. Gilbert Company
740, Farmington Canal
741, Massachusetts
742, Northampton
743, Gottlob Frege
744, Ludwig Wittgenstein
745, Otto Neurath
746, Moritz Schlick
747, Vienna Circle
748, A.J. Ayer
749, Rudolf Carnap
750, Hans Reichenbach
751, École des Beaux-Arts
752, France
753," École des Beaux-Arts.

However"
754, to group the entities by type (locations
755, people
756, organizations
757, etc.)
758," we can categorize them as follows:

**Locations:**
Congo-Brazzille"
759, Lexington
760, Concord
761, America
762, Great Britain
763, France
764, Germany
765, Switzerland
766, Netherlands
767, England
768, Scandinavia
769, Alsace
770, Hagenau
771, Strasbourg
772, Colmar
773, Connecticut
774, New Haven
775, Whitneyville
776, Whitney Avenue
777, Massachusetts
778, Northampton
779, Vienna
780, Paris
781, Vienna-Orient
782," Hamden

**People:**
Eli Whitney"
783, Simeon North
784, Samuel Colt
785, Benjamin Franklin
786, Frederick I
787, Frederick II
788, Conrad IV
789, Count Rudolf of Habsburg
790, Gottlob Frege
791, Ludwig Wittgenstein
792, Otto Neurath
793, Moritz Schlick
794, A.J. Ayer
795, Rudolf Carnap
796," Hans Reichenbach

**Organizations:**
Yale"
797, A. C. Gilbert Company
798, Vienna Circle
799," École des Beaux-Arts

**Events:**
American Revolution"
800, French Revolution
801," Industrial Revolution

**Concepts:**
Logical empiricism"
802, logical positivism
803, neopositivism
804, British empiricism
805," mathematical logic

**Other:**
Farmington Canal"
806, Declaration of Independence
807, Committee of Five
808, Cotton gin
809, Automatic revolver
810, Arsenal of America
811, Gentleman architect
812, Decapole
813, Dekapolis
814, Provincia
815, Landgericht
816,"Here are the entities extracted from the text and concatenated with commas:

Fryderyk"
817, Nicolas Chopin
818, Lorraine
819, Poland
820, Justyna Krzyżanowska
821, Skarbeks
822, Brochów
823, Easter Sunday
824, April
825, Fryderyk Skarbek
826, Ludwika
827, Izabela
828, Emilia
829, Nicolas
830, Egypt
831, Armed Forces
832, US
833, France
834, Britain
835, M1 Abrams tank
836, Mohamed Morsi
837, Russia
838, China
839, Egypt
840, airline pilots
841, NTSB
842, Romanesque art
843, Nicholas of Verdun
844, Mosan art
845, Liège
846, Gloucester Candlestick
847, Saint-Savin-sur-Gartempe
848, Andaman and Nicobar Islands
849, India
850, Southeast Asia
851, Eastern Bangladesh
852, Seven Sister States
853, New Guinea
854, Papua New Guinea
855, Palau
856, Guam
857, Northern Mariana Islands
858, Saint Helena
859, Jamestown
860, Liberals
861, Australia
862, Menzies
863, Don Chipp
864, Australian Democrats
865, Labor
866, Liberal Party
867, Australia
868, barley
869, Nationals
870," beer.

However"
871," here are the entities grouped by category and concatenated with commas:

**People:**
Fryderyk"
872, Nicolas Chopin
873, Justyna Krzyżanowska
874, Fryderyk Skarbek
875, Ludwika
876, Izabela
877, Emilia
878, Mohamed Morsi
879, Nicholas of Verdun
880, Menzies
881," Don Chipp

**Places:**
Lorraine"
882, Poland
883, Brochów
884, Egypt
885, US
886, France
887, Britain
888, Russia
889, China
890, Andaman and Nicobar Islands
891, India
892, Southeast Asia
893, Eastern Bangladesh
894, Seven Sister States
895, New Guinea
896, Papua New Guinea
897, Palau
898, Guam
899, Northern Mariana Islands
900, Saint Helena
901, Jamestown
902," Australia

**Organizations:**
Armed Forces"
903, NTSB
904, Australian Democrats
905, Labor
906," Liberal Party

**Objects:**
M1 Abrams tank"
907, Romanesque art
908, Mosan art
909, Liège
910, Gloucester Candlestick
911," Saint-Savin-sur-Gartempe

**Concepts:**
airline pilots"
912, Liberals
913, Nationals
914, beer
915, barley
916,"Here are the extracted entities concatenated with commas:

insoluble grain material"
917, wheat
918, rice
919, oats
920, rye
921, corn
922, sorghum
923, barley
924, ketsu-eki
925, French military
926, Japanese government
927, French government
928, Quran
929, sura
930, Meccan
931, Medinan
932, Muhammad
933, Medina
934, Bismillah
935, Arabic
936, Solomon
937, Queen of Sheba
938, Solomon's letter
939, council
940, mayor
941, wards
942, Kyoto
943, French field manuals
944, Japanese ranks
945, Link
946, Hyrule
947, Twilight Realm
948, Midna
949, Ocarina of Time
950, Majora's Mask
951, The Wind Waker
952, 17th Street
953, Union Square
954, Stuyvesant Square
955, Antonín Dvořák
956, New York
957, Perlman Place
958, Beth Israel Medical Center
959, Time Magazine
960, East 17th Street
961, India
962, Pakistan
963, Punjab
964, Kahuta
965, Sargodha
966, Rawalpindi
967, Wagah border
968, Nankana Sahib
969, Montevideo
970, José Manuel Pérez Castellano
971, Father Dámaso Antonio Larrañaga
972, José Raimundo Guerra
973, Convent of San Francisco
974, Salta
975,"Here's the list of entities extracted from the text and concatenated with commas:

Salta"
976, Luis Crespi
977, National Library of Uruguay
978, Biblioteca Pública de Uruguay
979, England
980, France
981, 19th century
982, 20th century
983, Tuberculosis
984, 1815
985, 1816
986, 1918
987, Britain
988, 1880s
989, 1926
990, 1964
991, 1965
992, 25 November 1969
993, William Howard Russell
994, The Times
995, Roger Fenton
996, Crimea
997, Black Sea
998, London
999, Crimean peninsula
1000, April 1855
1001, Aberdeen
1002, Lord Palmerston
1003, The Beatles
1004, John Lennon
1005, MBE
1006, Order of the British Empire
1007, 1854
1008, 304–11
1009, Smith
1010, Kline and French
1011, Benzedrine Inhaler
1012, American Medical Association
1013, Netherlands
1014, French
1015, Cape Colony
1016, Dutch East India Company
1017, Africa
1018, East Indies
1019, Afrikaner
1020, Boer
1021, France
1022, Britain
1023, 1652
1024, 1795
1025, 1806
1026, 1820
1027, Great Trek
1028, 1830s
1029, 1840s
1030, Henry Dale
1031, George Barger
1032, Burroughs-Wellcome
1033, Gordon Alles
1034, amphetamine
1035, Ma Huang
1036, Eli Lilly
1037, asthma
1038, Henry Dale
1039, George Barger
1040, Burroughs-Wellcome
1041, Gordon Alles
1042, amphetamine
1043, Smith
1044, Kline and French
1045, Benzedrine Inhaler
1046, American Medical Association
1047, tricyclic antidepressants
1048, 1937
1049, 1960s
1050, Netherlands
1051, France
1052, Britain
1053, 1795
1054, 1806
1055, Afrikaner
1056, Boer
1057, 1820
1058, Great Trek
1059, 1830s
1060, 1840s.
1061,Boers
1062, Britain
1063, British
1064, South Africa
1065, Sotho
1066, Zulu
1067, South African Republic
1068, Transvaal Republic
1069, Orange Free State
1070, Italy
1071, Italian Gothic
1072, marble
1073, brick
1074, polychrome decoration
1075, frescoes
1076, mosaics
1077, armonìa
1078, Venice
1079, Italy
1080, cathedral
1081, arches
1082, columns
1083, square
1084, armonìa
1085, Japan
1086, Malaya
1087, United States
1088, Pearl Harbor
1089, Hong Kong
1090, Winston Churchill
1091, Britain
1092, empire
1093, Far East
1094, Singapore
1095, Gibraltar
1096, Australia
1097, New Zealand
1098, ANZUS Pact
1099, United States of America
1100, William Ewart Gladstone
1101, Victoria
1102, Henry Labouchere
1103, Lord Rosebery
1104, Lord Salisbury
1105, Sergeant Isaac Woodard
1106, Harry S. Truman
1107, NAACP
1108, Walter Francis White
1109, Executive Order 9808
1110, President's Committee on Civil Rights
1111, To Secure These Rights.
1112,"Here are the extracted entities concatenated with commas:

Lyndon B. Johnson"
1113, Isidore of Seville
1114, Robert F. Smith
1115, Larson
1116, FARMS
1117, Book of Mormon
1118, Grant Hardy
1119, Dr. Gordon C. Thomasson
1120, Professor John W. Welch
1121, Professor Royal Skousen
1122, Naval Air Station Bermuda Annex
1123, Naval Facility Bermuda
1124, NAVFAC Bermuda
1125, SOSUS
1126, US Navy
1127, US Coast Guard
1128, NATO
1129, Houston
1130, Texas
1131, Lee and Joe Jamail Skatepark
1132, Gerald D. Hines Waterwall Park
1133, Uptown District
1134, Walk Score
1135, Wet'n'Wild SplashTown
1136, Miami
1137, Biscayne Bay
1138, Atlantic Ocean
1139, Rickenbacker Causeway
1140, Brickell
1141, Virginia Key
1142, Key Biscayne
1143, Venetian Causeway
1144, MacArthur Causeway
1145, South Beach
1146, Julia Tuttle Causeway
1147, Midtown
1148, Miami Beach
1149, 79th Street Causeway
1150, Upper East Side
1151, North Beach
1152, Broad Causeway
1153, North Miami
1154, Bal Harbour
1155, The Chronicle
1156, Oleg
1157, Grand Prince
1158, Prince Igor
1159, Drevlians
1160, Pechenegs
1161, Europe
1162," universities 

Note: Some entities may be mentioned multiple times in the text"
1163, but they are only listed once in the output.
1164,"Here are the extracted entities concatenated with commas:

Universities"
1165, Atticus
1166, Jem
1167, Tom Robinson
1168, Mrs. Dubose
1169, morphine
1170, antennas
1171, power
1172, gain
1173, radiation
1174, omnidirectional
1175, Deloitte
1176, Arsenal
1177, Emirates Stadium
1178, 4G
1179, 3G
1180, SQL
1181, Myanmar
1182, Sino-Tibetan
1183, Tai–Kadai
1184, Austro-Asiatic
1185, Indo-European
1186, Burmese
1187, Karen
1188, Kachin
1189, Chin
1190, Chinese
1191, Hokkien
1192, Shan
1193, Mon
1194, Palaung
1195, Wa
1196, Pali
1197, Theravada Buddhism
1198, English
1199, Academia de San Carlos
1200, San Carlos Art Academy
1201, Escuela Nacional de Artes Plásticas
1202, Museo Nacional de San Carlos
1203, José María Velasco
1204, Porfirio Díaz
1205, French school
1206, José Guadalupe Posada
1207, Manuel Manilla
1208, Rembrandt
1209, Velázquez
1210, Murillo
1211, Rubens
1212, Greek
1213, Persian empire
1214, Isis
1215, Alexandria
1216, Egyptian
1217, Jewish
1218, India
1219, Afghanistan
1220, Serapis
1221, UNAM
1222, National School of Arts
1223, National Museum of San Carlos
1224, San Carlos
1225, Mexico
1226, Europe
1227, 19th century
1228, José Guadalupe Posada
1229, Manuel Manilla
1230, José María Velasco
1231, Rembrandt
1232, Velázquez
1233, Murillo
1234, Rubens
1235, Hellenistic period
1236, Athens
1237, Sparta
1238, Greek mainland
1239, India
1240, Afghanistan
1241, Mediterranean.
1242,Here are the entities extracted from the given text
1243," concatenated with commas:

Atargatis"
1244, Hadad
1245, Jewish synagogue
1246, Delos
1247, Serapis
1248, Zeus
1249, Ammon
1250, Aphrodite
1251, Hagne
1252, Isis
1253, Demeter
1254, Paris
1255, Hotel Meurice
1256, British
1257, 1817
1258, Hôtel du Louvre
1259, Intercontinental LeGrand
1260, Hôtel Continental
1261, Hôtel Ritz
1262, Place Vendôme
1263, Hôtel Crillon
1264, Place de la Concorde
1265, Hotel Bristol
1266, rue de Fabourg Saint-Honoré
1267, Hotel George V
1268, Gaius Julius Caesar
1269, Marcus Licinius Crassus
1270, Gnaeus Pompeius Magnus
1271, Pompey
1272, Parthian Empire
1273, Iraq
1274, Iran
1275, Battle of Carrhae
1276, Gaul
1277, Rome
1278, First Triumvirate
1279, Henry the Young King
1280, Richard
1281, 1183
1282, Normandy
1283, Aquitaine
1284, Henry II
1285, Geoffrey
1286, John
1287, England
1288, Brittany
1289, Poitiers
1290, London
1291, 1831
1292, 1925
1293, cholera
1294, 1848
1295, 1866
1296, Metropolitan Board of Works
1297, London County Council
1298, First World War
1299, Second World War
1300, Blitz
1301, German Luftwaffe
1302," 1889.

However"
1303, the above list contains a mix of entities from different categories (people
1304, places
1305, events
1306," etc.). Here's a revised list with entities grouped by category and concatenated with commas:

**People:**
Gaius Julius Caesar"
1307, Marcus Licinius Crassus
1308, Gnaeus Pompeius Magnus
1309, Pompey
1310, Henry the Young King
1311, Richard
1312, Henry II
1313, Geoffrey
1314, John
1315," Henry

**Places:**
Delos"
1316, Paris
1317, Iraq
1318, Iran
1319, Parthian Empire
1320, Gaul
1321, Rome
1322, Normandy
1323, Aquitaine
1324, England
1325, Brittany
1326, Poitiers
1327, London
1328, Place Vendôme
1329, Place de la Concorde
1330," rue de Fabourg Saint-Honoré

**Events:**
Battle of Carrhae"
1331, First Triumvirate
1332, 1183
1333, 1831
1334, 1925
1335, 1848
1336, 1866
1337, 1889
1338, First World War
1339, Second World War
1340," Blitz

**Gods and Mythology:**
Atargatis"
1341, Hadad
1342, Zeus
1343, Ammon
1344, Aphrodite
1345, Hagne
1346, Isis
1347, Demeter
1348," Serapis

**Hotels and Buildings:**
Hotel Meurice"
1349, Hôtel du Louvre
1350, Intercontinental LeGrand
1351, Hôtel Continental
1352, Hôtel Ritz
1353, Hôtel Crillon
1354, Hotel Bristol
1355," Hotel George V

**Organizations:**
Jewish synagogue"
1356, Metropolitan Board of Works
1357," London County Council

**Other:**
Cholera"
1358, German Luftwaffe
1359,"Here are the extracted entities in the required format:

1948 Summer Olympics"
1360, Wembley Stadium
1361, London
1362, British East India
1363, India
1364, British government
1365, Company
1366, 1857
1367, November
1368, 1
1369, 1956
1370, Maharashtra
1371, Karnataka
1372, Andhra Pradesh
1373, Hyderabad
1374, Telangana region
1375, Telugu
1376, Urdu
1377, Telangana movement
1378, 1969
1379, 1972
1380, 2010
1381, Dilsukhnagar
1382, 2002
1383, May
1384, August
1385, 2007
1386, 2013
1387, February
1388, 30 July
1389, 3 October
1390, 2013
1391, Union Cabinet
1392, Parliament
1393, Telangana Bill
1394, President of India
1395, June
1396, 2014
1397, Chinese government
1398, Chinese people
1399, People's Daily
1400, Carrefour
1401, Sohu.com
1402, Beijing
1403, Changsha
1404, Fuzhou
1405, Shenyang
1406, May 1
1407, bacteria
1408, cellulose
1409, Xylophaga
1410, Alphaproteobacteria
1411, Flavobacteria
1412, Actinobacteria
1413, Clostridia
1414, Bacteroidetes
1415, Trooping the Colour
1416, Charles
1417, Prince of Wales
1418, Lady Diana Spencer
1419, 1981
1420, The Mall
1421, Burmese
1422, Marcus Sarjeant
1423, 1982
1424, Falklands War
1425, Prince Andrew
1426, April
1427, September
1428, Buckingham Palace
1429, Michael Fagan
1430, Ronald Reagan
1431, Windsor Castle
1432, 1982
1433, California
1434, Grenada
1435, Eighth District
1436, South Richmond
1437, A. Carl Prince
1438, Richmond City Council
1439, Richmond Crusade
1440,Here are the entities extracted from the text
1441," concatenated with commas:

Reverend A. Carl Prince"
1442, Reverend Gwendolyn Hedgepeth
1443, Reverend Leonidas Young
1444, Dwight C. Jones
1445, Ronald Reagan
1446, Muammar Gaddafi
1447, Yvonne Fletcher
1448, Napoleon
1449, Charles
1450, Madonna
1451, Colin Barrow
1452," 

Note: Some entities may be mentioned multiple times in the text"
1453, but they are only listed once in the output.
1454,"Here are the extracted entities concatenated with commas:

Madonna"
1455, Hazel Blackmore
1456, Rafael Fernández de Castro
1457, Switzerland
1458, St. Moritz
1459, Mürren
1460, Germany
1461, Bofors
1462, Sweden
1463, Krupps
1464, World War I
1465, Treaty of Versailles
1466, 8.8 cm FlaK 18
1467, 36
1468, 37
1469, 10.5 cm FlaK 38
1470, 39
1471, PCBs
1472, QED
1473, vacuum
1474, electric fields
1475, magnetic fields
1476, vacuum fluctuations
1477, virtual particles
1478, quantum field theory
1479, Coulomb's law
1480, Quran
1481, God
1482, Muhammad
1483, Islamic beliefs
1484, Islamic resurrection
1485, Lamb shift
1486, spontaneous emission
1487, Quranic content
1488, natural phenomena
1489, European intellectual transformation
1490, Renaissance
1491, Middle Ages
1492, Modern era
1493, Age of Reason
1494, Scholasticism
1495, Western world
1496, Enlightenment era
1497, 17th-century philosophy
1498, 18th century
1499, French Revolution
1500, White light
1501, RGB
1502, LEDs
1503, electronic circuits
1504, vacuum energy
1505, quantum field theory
1506, Coulomb's law
1507, Quranic verses
1508, Islamic beliefs
1509, Islamic resurrection
1510, natural phenomena
1511, Lamb shift
1512, spontaneous emission
1513, vacuum fluctuations
1514, virtual particles
1515, QED vacuum
1516, God
1517, Muhammad
1518, Quran
1519, Islamic beliefs
1520, Islamic resurrection
1521, Middle Ages
1522, Modern era
1523, Age of Reason
1524, Scholasticism
1525, Western world
1526, Enlightenment era
1527, 17th-century philosophy
1528, 18th century
1529, French Revolution
1530, White light
1531, RGB
1532, LEDs
1533, electronic circuits
1534, vacuum energy
1535, quantum field theory
1536, Coulomb's law
1537, Quranic verses
1538, Islamic beliefs
1539, Islamic resurrection
1540, natural phenomena
1541, Lamb shift
1542, spontaneous emission
1543, vacuum fluctuations
1544," virtual particles.

However"
1545, removing duplicates
1546," the list of entities is:

Madonna"
1547, Hazel Blackmore
1548, Rafael Fernández de Castro
1549, Switzerland
1550, St. Moritz
1551, Mürren
1552, Germany
1553, Bofors
1554, Sweden
1555, Krupps
1556, World War I
1557, Treaty of Versailles
1558, 8.8 cm FlaK 18
1559, 36
1560, 37
1561, 10.5 cm FlaK 38
1562, 39
1563, PCBs
1564, QED
1565, vacuum
1566, electric fields
1567, magnetic fields
1568, vacuum fluctuations
1569, virtual particles
1570, quantum field theory
1571, Coulomb's law
1572, Quran
1573, God
1574, Muhammad
1575, Islamic beliefs
1576, Islamic resurrection
1577, Lamb shift
1578, spontaneous emission
1579, Quranic content
1580, natural phenomena
1581, European intellectual transformation
1582, Renaissance
1583, Middle Ages
1584, Modern era
1585, Age of Reason
1586, Scholasticism
1587, Western world
1588, Enlightenment era
1589, 17th-century philosophy
1590, 18th century
1591, French Revolution
1592, White light
1593, RGB
1594, LEDs
1595, electronic circuits
1596, vacuum energy.
1597,"Here are the extracted entities concatenated with commas:

William Henry Perkin"
1598, von Hofmann
1599, aniline
1600, coal tar
1601, mauveine
1602, Society of Chemical Industry
1603, Perkin Medal
1604, United States
1605, Latin
1606, cardo
1607, tituli
1608, parishes
1609, Rome
1610, Church of England
1611, College of Minor Canons
1612, St Paul's Cathedral
1613, Elliot Terrace
1614, Hoe
1615, Waldorf Astor
1616, Nancy Astor
1617, Lady Astor
1618, Plymouth
1619, Lord Mayor
1620, City of Plymouth
1621, Civic Centre
1622, Armada Way
1623, Pope Sixtus V
1624, Pope John XXIII
1625, Pope Paul VI
1626, Pope Pius XI
1627, TRNC
1628, Cyprus
1629, Annan Plan
1630, Kofi Annan
1631, United Nations
1632, Security Council
1633, Northern Cyprus
1634, Republic of Cyprus
1635, Turkish Cypriots
1636, Greek Cypriots
1637, European Union
1638, Israel
1639, Hezbollah
1640, Chris Medina
1641, Casey Abrams
1642, Lebanon
1643, Top 40
1644, Top 13
1645," ulcerative colitis.

However"
1646, considering that some of these entities might be redundant (e.g.
1647, Pope Paul VI appears twice)
1648," here's a list of unique entities concatenated with commas:

William Henry Perkin"
1649, von Hofmann
1650, aniline
1651, coal tar
1652, mauveine
1653, Society of Chemical Industry
1654, Perkin Medal
1655, United States
1656, Latin
1657, cardo
1658, tituli
1659, parishes
1660, Rome
1661, Church of England
1662, College of Minor Canons
1663, St Paul's Cathedral
1664, Elliot Terrace
1665, Hoe
1666, Waldorf Astor
1667, Nancy Astor
1668, Lady Astor
1669, Plymouth
1670, Lord Mayor
1671, City of Plymouth
1672, Civic Centre
1673, Armada Way
1674, Pope Sixtus V
1675, Pope John XXIII
1676, Pope Pius XI
1677, TRNC
1678, Cyprus
1679, Annan Plan
1680, Kofi Annan
1681, United Nations
1682, Security Council
1683, Northern Cyprus
1684, Republic of Cyprus
1685, Turkish Cypriots
1686, Greek Cypriots
1687, European Union
1688, Israel
1689, Hezbollah
1690, Chris Medina
1691, Casey Abrams
1692, Lebanon
1693, Top 40
1694, Top 13
1695, ulcerative colitis.
1696,"Here are the extracted entities from the text:

Naima Adedapo"
1697, Thia Megia
1698, Sichuan
1699, China
1700, Chinese
1701, Sui dynasty
1702, Tang dynasty
1703, Han
1704, Chengdu
1705, Du Fu
1706, An Lushan Rebellion
1707, Emperor Xuanzong
1708, Chang'an
1709, Tibetan Empire
1710, Photometric studies
1711, architects
1712, lighting designers
1713, engineers
1714, IESNA
1715, CIBSE
1716, Eritrea
1717, AGi32
1718, Dialux
1719, Filfil Solomona
1720, Afar Triangle
1721, Danakil Depression
1722, Emba Soira
1723, Korean Presbyterian
1724, GSM
1725, Hapdong
1726, General Assembly of Presbyterian Churches of Korea
1727, Korea
1728, United States
1729, Australia
1730, New Zealand
1731, Saudi Arabia
1732, Nasser
1733, Israel
1734, War of Attrition
1735, Suez Canal
1736, Yasser Arafat
1737, Fatah movement
1738, Battle of Karameh
1739, Palestinian state
1740, West Bank
1741, Gaza Strip
1742, Canadian Armed Forces
1743, Estonia
1744, Hertugdømmet Estland
1745, Reval
1746, Tallinn
1747, Lyndanisse
1748, Castrum Danorum
1749, Toompea Hill
1750, Lübeck city rights
1751, Hanseatic League
1752, Danish cross
1753, Arab League
1754, Somalia
1755, Organization of African Unity
1756, African Union
1757, English law
1758, United States
1759, Louisiana
1760, reception statutes
1761, common law of England
1762, Organization of African Unity
1763," African Union.

Here are the entities concatenated with commas:

Naima Adedapo"
1764, Thia Megia
1765, Sichuan
1766, China
1767, Chinese
1768, Sui dynasty
1769, Tang dynasty
1770, Han
1771, Chengdu
1772, Du Fu
1773, An Lushan Rebellion
1774, Emperor Xuanzong
1775, Chang'an
1776, Tibetan Empire
1777, Photometric studies
1778, architects
1779, lighting designers
1780, engineers
1781, IESNA
1782, CIBSE
1783, Eritrea
1784, AGi32
1785, Dialux
1786, Filfil Solomona
1787, Afar Triangle
1788, Danakil Depression
1789, Emba Soira
1790, Korean Presbyterian
1791, GSM
1792, Hapdong
1793, General Assembly of Presbyterian Churches of Korea
1794, Korea
1795, United States
1796, Australia
1797, New Zealand
1798, Saudi Arabia
1799, Nasser
1800, Israel
1801, War of Attrition
1802, Suez Canal
1803, Yasser Arafat
1804, Fatah movement
1805, Battle of Karameh
1806, Palestinian state
1807, West Bank
1808, Gaza Strip
1809, Canadian Armed Forces
1810, Estonia
1811, Hertugdømmet Estland
1812, Reval
1813, Tallinn
1814, Lyndanisse
1815, Castrum Danorum
1816, Toompea Hill
1817, Lübeck city rights
1818, Hanseatic League
1819, Danish cross
1820, Arab League
1821, Somalia
1822, Organization of African Unity
1823, African Union
1824, English law
1825, United States
1826, Louisiana
1827, reception statutes
1828, common law of England
1829,"Here's the list of extracted entities concatenated with commas:

Baden"
1830, Württemberg-Baden
1831, Württemberg-Hohenzollern
1832, Baden-Württemberg
1833, Saar Protectorate
1834, Saarland
1835, Federal Republic
1836, German Democratic Republic
1837, East Germany
1838, Brandenburg
1839, Mecklenburg-West Pomerania
1840, Mecklenburg-Vorpommern
1841, Saxony
1842, Sachsen
1843, Saxony-Anhalt
1844, Sachsen-Anhalt
1845, Thuringia
1846, Thüringen
1847, Berlin
1848, Philip
1849, Treaty of Utrecht
1850, France
1851, Spain
1852, Britain
1853, Newfoundland
1854, Acadia
1855, Gibraltar
1856, Minorca
1857, Atlantic
1858, Mediterranean
1859, Guinness World Records
1860, Madonna
1861, Recording Industry Association of America
1862, RIAA
1863, Billboard
1864, The Beatles
1865, UK Music Hall of Fame
1866, Rock and Roll Hall of Fame
1867, Nuchal
1868, polychaetes
1869, ocelli
1870, camera eyes
1871, compound eyes
1872, tube-worms
1873, statocysts
1874, palps
1875, antennae
1876, radar
1877, Britain
1878, Observer Corps
1879, Würzburg
1880, AA guns
1881, AA No 1 Mk 1 GL radar
1882, New South Wales
1883, Commonwealth
1884,"Here are the extracted entities:

Island"
1885, Australia
1886, Victoria
1887, Commonwealth
1888, Centrelink
1889, Medicare
1890, March
1891, 1861
1892, Victoria's mother
1893, Conroy
1894, Lehzen
1895, Albert
1896, Prince of Wales
1897, Dublin
1898, Killarney
1899, August
1900, William Jenner
1901, December
1902, 1861
1903, Cambridge
1904, Typhoid fever
1905, Ireland
1906, Prince of Wales's philandering
1907, Widow of Windsor
1908, London
1909, Inner heartwood
1910, Old trees
1911, Trees
1912, Limbs
1913, Roots
1914, Fire
1915, Insects
1916, Timber
1917, Bipolar transistors
1918, Majority carriers
1919, Minority carriers
1920, Junction diodes
1921, Semiconductors
1922, P-type semiconductor
1923, N-type semiconductor
1924, Base region
1925, Nagano
1926, Shoichi Washizawa
1927, Mayor of Nagano
1928, Japan
1929, Torch relay
1930, Nagano leg
1931, City employee of the Nagano City Office
1932, Europe
1933, Tibetan protests
1934, Tibetan violence
1935, Alfonso III
1936, Asturias
1937, García
1938, León
1939, Ordoño
1940, Galicia
1941, Fruela
1942, Oviedo
1943, Zamora
1944, 910
1945, García's death
1946, León
1947, Ordoño's reign
1948, Fruela's reign
1949, Unstable succession
1950, Internecine struggles
1951, Century
1952,"Here are the entities extracted from the text and concatenated with commas:

Ferdinand III"
1953, Kingdom of Castile
1954, Kingdom of Castile
1955, Iberian Peninsula
1956, Europe
1957, University of Bologna
1958, Collegio di Spagna
1959, University of Prague
1960, Collegium Carolinum
1961, University of Salamanca
1962, Escuelas mayores
1963, University of Salamanca
1964, King's College
1965, Cambridge
1966, Collegium Maius
1967, Jagiellonian University
1968, Kraków
1969, Poland
1970, Nigeria
1971, Pew Research
1972, Christians
1973, Protestant
1974, Catholic
1975, Orthodox Christian
1976, Hausa
1977, Yoruba
1978, Igbos
1979, Ijaw
1980, Americo-Liberian
1981, Americo-Liberians
1982, United States
1983, Kru
1984, Grebo
1985, bush
1986, colonial settlements
1987, indigenous peoples
1988, Liberia
1989, New York
1990, Christianity
1991, Catholicism
1992, Judaism
1993, Islam
1994, Hinduism
1995, Buddhism
1996, atheism
1997, Gibson
1998, F-5 mandolins
1999, mandolins
2000, bluegrass
2001, United States
2002, Destiny's Child
2003, Beyoncé
2004, President Obama
2005, Washington
2006, D.C.
2007, American national anthem
2008,"Here are the entities extracted from the text:

Washington"
2009, D.C.
2010, President Obama
2011, Beyoncé
2012, Super Bowl XLVII
2013, Mercedes-Benz Superdome
2014, New Orleans
2015, 55th Annual Grammy Awards
2016, HBO
2017, Life Is But a Dream
2018, Blue Ivy
2019, February
2020, November
2021, Warner/Chappell Music
2022, Revel Presents: Beyoncé Live
2023, God Made You Beautiful
2024, Antibacterial
2025, antibacterial compounds
2026, host defense mechanisms
2027, pharmacokinetic properties
2028, pharmacodynamic properties
2029, bacterial growth phase
2030, bacterial cells
2031, laboratory studies
2032, clinical settings
2033, minimum inhibitory concentration
2034, minimum bactericidal concentration
2035, antibacterial activity
2036, pharmacokinetic profile
2037, drug efficacy
2038, First Division
2039, Football League
2040, FA Premier League
2041, Lancaster Gate
2042, 1992
2043, May
2044, Football Association
2045, Premier League
2046, Blue Ivy
2047, 104-year-old Football League
2048, Football Association
2049, Lancaster Gate
2050, 27 May
2051, 1992
2052, Four
2053, Football League
2054, Premier League
2055, First Division
2056, Three
2057, 104
2058, Four
2059, 1992
2060, 27 May
2061, Lancaster Gate
2062, 104
2063, Football League
2064, Premier League
2065, First Division
2066, Three
2067, Football League
2068, Premier League
2069, First Division
2070, Three
2071, Three
2072, Three
2073, Darwinism
2074, Charles Hodge
2075, Asa Gray
2076, The Fundamentals
2077, 20th century
2078, God
2079, evolution
2080, American creation–evolution controversy
2081, 1920s
2082, Mivart
2083, Catholic writers
2084, Jesuits
2085, Vatican
2086, papal encyclical
2087, 1950
2088, 40°48′52″N
2089, 73°56′53″W
2090, Central Park
2091, Harlem
2092, Hamilton Heights
2093, Frederick Douglass Boulevard
2094, Park Avenue
2095, Harlem River Drive
2096, St. Nicholas Park
2097, City College
2098, Broadway
2099, Twelfth Avenue
2100, West Bronx
2101, apartment buildings
2102, low income public housing complexes
2103, multifamily homes
2104, parallel ridges
2105, Darwin
2106, Asa Gray
2107, Charles Hodge
2108, The Fundamentals
2109, Mivart
2110, Catholic writers
2111, Jesuits
2112, Vatican
2113, papal encyclical
2114, 1950
2115, 40°48′52″N
2116, 73°56′53″W
2117, Central Park
2118, Harlem
2119, Hamilton Heights
2120, Frederick Douglass Boulevard
2121, Park Avenue
2122, Harlem River Drive
2123, St. Nicholas Park
2124, City College
2125, Broadway
2126, Twelfth Avenue
2127, West Bronx
2128, apartment buildings
2129, low income public housing complexes
2130, multifamily homes
2131, parallel ridges
2132," Darwin

However"
2133," I will remove duplicates and list them in the format you requested:

Washington"
2134, D.C.
2135, President Obama
2136, Beyoncé
2137, Super Bowl XLVII
2138, Mercedes-Benz Superdome
2139, New Orleans
2140, 55th Annual Grammy Awards
2141, HBO
2142, Life Is But a Dream
2143, Blue Ivy
2144, February
2145, November
2146, Warner/Chappell Music
2147, Revel Presents: Beyoncé Live
2148, God Made You Beautiful
2149, Antibacterial
2150, host defense mechanisms
2151, pharmacokinetic properties
2152, pharmacodynamic properties
2153, bacterial growth phase
2154, bacterial cells
2155, laboratory studies
2156, clinical settings
2157, minimum inhibitory concentration
2158, minimum bactericidal concentration
2159, antibacterial activity
2160, pharmacokinetic profile
2161, drug efficacy
2162, First Division
2163, Football League
2164, FA Premier League
2165, Lancaster Gate
2166, Football Association
2167, Four
2168, Three
2169, Darwinism
2170, Charles Hodge
2171, Asa Gray
2172, The Fundamentals
2173, God
2174, evolution
2175, American creation–evolution controversy
2176, Mivart
2177, Catholic writers
2178, Jesuits
2179, Vatican
2180, papal encyclical
2181, 1950
2182, Central Park
2183, Harlem
2184, Hamilton Heights
2185, Frederick Douglass Boulevard
2186, Park Avenue
2187, Harlem River Drive
2188, St. Nicholas Park
2189, City College
2190, Broadway
2191, Twelfth Avenue
2192, West Bronx
2193, apartment buildings
2194, low income public housing complexes
2195, multifamily homes
2196, parallel ridges
2197, Darwin
2198,"Here are the extracted entities concatenated with commas:

Riverdale"
2199, Fieldston
2200, West Bronx
2201, Van Cortlandt Park
2202, Westchester-Bronx
2203, The Grand Concourse
2204, Mycobacterium tuberculosis
2205, New York City
2206, Mycobacteria
2207, MTB
2208, Gram stain
2209, MTB
2210, University of Kansas
2211, University Daily Kansan
2212, Intercollegiate Writing Competition
2213, William Randolph Hearst Writing Foundation
2214, KUpedia
2215, KU
2216, Coal City Review
2217, Department of English
2218, Matthew Porubsky
2219, Voyeur Poems
2220, Nelson Poetry Book Award
2221, Younger Dryas impact event
2222, North American megafauna
2223, Australia
2224, Holy Cross
2225, John Francis O'Hara
2226, Notre Dame
2227, Laetare Medal
2228, Frank H. Spearman
2229, Jeremiah D. M. Ford
2230, Irvin Abell
2231, Josephine Brownson
2232, Fighting Irish
2233, Canada
2234, Canada Revenue Agency
2235, CRA
2236, public
2237, private foundations
2238, charities
2239, CRA
2240, Australia
2241, Margaret Sanger
2242, Mary Dennett
2243, Emma Goldman
2244, Gregory Pincus
2245, Carl Djerassi
2246, Syntex
2247, Frank Colton
2248, G.D. Searle & Co.
2249, E.D. Searle and Co.
2250, FDA
2251, Enovid
2252, United States
2253,"Here are the entities extracted from the text and concatenated with commas:

Western Sudanic Mali Empire"
2254, Songhai Empire
2255, Mali Empire
2256, Grand Cape Mount region
2257, Vai people
2258, Mane
2259, Kru
2260, Popper
2261, Imre Lakatos
2262, Paul Feyerabend
2263, London School of Economics
2264, Avenue C
2265, First Avenue
2266, Tenth Avenue
2267, Eleventh Avenue
2268, 20th Street
2269, 21st Street
2270, 22nd Street
2271, Popper
2272, Imre Lakatos
2273, Paul Feyerabend
2274, London School of Economics
2275, Avenue C
2276, First Avenue
2277, Tenth Avenue
2278, Eleventh Avenue
2279, 20th Street
2280, 21st Street
2281, 22nd Street
2282, Popper
2283, Imre Lakatos
2284, Paul Feyerabend
2285, London School of Economics
2286, Avenue C
2287, First Avenue
2288, Tenth Avenue
2289, Eleventh Avenue
2290, 20th Street
2291, 21st Street
2292, 22nd Street
2293, Aníbal Cavaco Silva
2294, Assembly of the Republic
2295, António Costa
2296, Church of England
2297, Archbishop Geoffrey Fisher
2298, Dr Rowan Williams
2299, British Freemasons
2300, Mac
2301, Apple
2302, Boston Software
2303, MacPublisher
2304, Aldus PageMaker
2305, Macintosh
2306, Macromedia
2307, FreeHand
2308, QuarkXPress
2309, Adobe
2310, Photoshop
2311, Illustrator
2312," Portugal.

However"
2313," the entities can be categorized and some duplicates can be removed. Here are the entities with duplicates removed and categorized:

**Geographic Locations:**
Western Sudanic Mali Empire"
2314, Songhai Empire
2315, Mali Empire
2316, Grand Cape Mount region
2317, London School of Economics
2318, Avenue C
2319, First Avenue
2320, Tenth Avenue
2321, Eleventh Avenue
2322, 20th Street
2323, 21st Street
2324, 22nd Street
2325," Portugal

**People:**
Popper"
2326, Imre Lakatos
2327, Paul Feyerabend
2328, Aníbal Cavaco Silva
2329, António Costa
2330, Archbishop Geoffrey Fisher
2331," Dr Rowan Williams

**Organizations:**
Assembly of the Republic"
2332, Church of England
2333, British Freemasons
2334, Mac
2335, Apple
2336, Boston Software
2337, MacPublisher
2338, Aldus PageMaker
2339, Macintosh
2340, Macromedia
2341, FreeHand
2342, QuarkXPress
2343, Adobe
2344, Photoshop
2345," Illustrator

**Concepts:**
Freemasonry"
2346, Philosophy
2347, Science
2348, Contraception
2349, Marriage
2350, Social Mores
2351, Lifestyle Options
2352, Investment Managers
2353, Credit Assets
2354, Asset Management
2355, Subprime Loans
2356, Desktop Publishing
2357," Graphics Computer

**Events:**
Decline of the Western Sudanic Mali Empire"
2358, Decline of the Songhai Empire
2359, Influx of Vai people
2360, Conquest of the region by the Mane
2361, Establishment of the Department of Philosophy
2362, Logic and Scientific Method at the London School of Economics
2363, Apology by Dr Rowan Williams to British Freemasons
2364,Here are the extracted entities from the text
2365," concatenated with commas:

Supreme Court"
2366, Constitutional Court
2367, KU's School of Business
2368, NASA
2369, Project Apollo
2370, Command Capsule Recovery Operations
2371, Israel
2372, Avicenna
2373, Avicenna Directories
2374, universities
2375, doctors
2376, public health practitioners
2377, pharmacists
2378, Namibia
2379, Namibia Tourism Board (NTB)
2380, Parliament
2381, Federation of Namibia Tourism Associations
2382, Hospitality Association of Namibia
2383, Association of Namibian Travel Agents
2384, Car Rental Association of Namibia
2385, Tour and Safari Association of Namibia
2386, Nanjing
2387, Chinese Academy of Sciences
2388, Chinese Academy of Engineering
2389, NATO
2390, Allied Expeditionary Force
2391, North African Theater of Operations (NATOUSA)
2392, Gibraltar
2393, Eisenhower
2394, PlayStation 3
2395, Microsoft
2396, Xbox 360
2397, Netflix
2398, Windows Media Center
2399, HTPC
2400, Zune
2401, Nintendo
2402, Wii U
2403, IPTV
2404, Sony
2405, Detroit
2406, Tigers
2407, Lions
2408, Red Wings
2409," Eddie ""The Midnight Express"" Tolan"
2410, Summer Olympics
2411, Joe Louis
2412, NFL
2413, Stanley Cup
2414, World Series
2415, Penalties
2416, Canadian football
2417, American football
2418, Windlesham Moor
2419, Windsor Castle
2420, Clarence House
2421, London
2422, Duke of Edinburgh
2423, Malta
2424, Royal Navy
2425, Lord Mountbatten
2426, Gwardamanġa
2427," Villa Guardamangia.

However"
2428, since you requested the entities to be concatenated with commas
2429," I will provide the list in the required format:

Supreme Court"
2430, Constitutional Court
2431, KU's School of Business
2432, NASA
2433, Project Apollo
2434, Command Capsule Recovery Operations
2435, Israel
2436, Avicenna
2437, Avicenna Directories
2438, universities
2439, doctors
2440, public health practitioners
2441, pharmacists
2442, Namibia
2443, Namibia Tourism Board (NTB)
2444, Parliament
2445, Federation of Namibia Tourism Associations
2446, Hospitality Association of Namibia
2447, Association of Namibian Travel Agents
2448, Car Rental Association of Namibia
2449, Tour and Safari Association of Namibia
2450, Nanjing
2451, Chinese Academy of Sciences
2452, Chinese Academy of Engineering
2453, NATO
2454, Allied Expeditionary Force
2455, North African Theater of Operations (NATOUSA)
2456, Gibraltar
2457, Eisenhower
2458, PlayStation 3
2459, Microsoft
2460, Xbox 360
2461, Netflix
2462, Windows Media Center
2463, HTPC
2464, Zune
2465, Nintendo
2466, Wii U
2467, IPTV
2468, Sony
2469, Detroit
2470, Tigers
2471, Lions
2472, Red Wings
2473," Eddie ""The Midnight Express"" Tolan"
2474, Summer Olympics
2475, Joe Louis
2476, NFL
2477, Stanley Cup
2478, World Series
2479, Penalties
2480, Canadian football
2481, American football
2482, Windlesham Moor
2483, Windsor Castle
2484, Clarence House
2485, London
2486, Duke of Edinburgh
2487, Malta
2488, Royal Navy
2489, Lord Mountbatten
2490, Gwardamanġa
2491, Villa Guardamangia
2492,"Here are the extracted entities concatenated with commas:

Gwardamanġa"
2493, Villa Guardamangia
2494, Philip
2495, Lord Mountbatten
2496, Britain
2497, Au Bon Marché
2498, Paris
2499, lace
2500, ribbons
2501, sheets
2502, mattresses
2503, buttons
2504, umbrellas
2505, Aristide Boucicaut
2506, 1852
2507, 1860
2508, 1869
2509, 1872
2510, Gustave Eiffel
2511, Eiffel Tower
2512, 24 rue de Sèvres
2513, Left Bank
2514, Neptune
2515, Earth
2516, Solar System
2517, Uranus
2518, Sun
2519, Sumerian gods
2520, Roman god
2521, ♆
2522, trident
2523, Sumeria
2524, cities
2525, clay
2526, temples
2527, irrigation
2528, agriculture
2529, silver
2530, Songhai
2531, Mali Empire
2532, Judar Pasha
2533, Morocco
2534, 1591
2535, Songhai Empire
2536, Europe
2537, trans-Saharan trade routes
2538, Palencia
2539, Spain
2540, Dominic
2541, Martin Bazan
2542, Diego d'Achebes
2543, St. Augustine
2544, Osma
2545, Victoria
2546, Britain
2547, House of Commons
2548, House of Lords
2549, Walter Bagehot
2550, House of Hanover
2551, morality
2552," family values.

However"
2553, note that some of these entities are not properly named entities (e.g.
2554, ♆
2555, clay
2556, silver) and some are not clearly defined (e.g.
2557, Sumerian gods
2558, Roman god). If you would like to exclude these and only include named entities
2559," here is the revised list:

Gwardamanġa"
2560, Villa Guardamangia
2561, Philip
2562, Lord Mountbatten
2563, Britain
2564, Au Bon Marché
2565, Paris
2566, Aristide Boucicaut
2567, Gustave Eiffel
2568, Eiffel Tower
2569, 24 rue de Sèvres
2570, Left Bank
2571, Neptune
2572, Earth
2573, Solar System
2574, Uranus
2575, Sun
2576, Judar Pasha
2577, Morocco
2578, Songhai
2579, Mali Empire
2580, Dominic
2581, Martin Bazan
2582, Diego d'Achebes
2583, St. Augustine
2584, Osma
2585, Victoria
2586, House of Commons
2587, House of Lords
2588, Walter Bagehot
2589, House of Hanover.
2590,"Here are the entities extracted from the given text and concatenated with commas:

Queen"
2591, House of Hanover
2592, Falklands War
2593, Oerlikon GDF-002 35 mm twin cannon
2594, SAM Roland
2595, Rapier missile system
2596, FIM-92 Stinger
2597, Blowpipe missile
2598, Sea Dart
2599, Sea Slug
2600, Sea Cat
2601, Sea Wolf
2602, Mercury
2603, AIDS
2604, The Miracle
2605, Innuendo
2606, Capitol
2607, Disney's Hollywood Records
2608, Brit Award
2609, Hyderabad
2610, Telangana
2611, Andhra Pradesh
2612, Musi River
2613, India
2614, East India Company
2615, British Crown
2616, Princely states
2617, Mysore
2618, Kashmir
2619, Tennessee
2620, Supreme Court
2621, Furman v. Georgia
2622, United States
2623, Canada
2624, United States
2625, Europe
2626, Argentina
2627, British
2628, RAF
2629, Royal Family
2630, Santa Catalina Mountains
2631, Tucson Mountains
2632, Catalina
2633, Marana
2634, Picture Rocks
2635, Oro Valley
2636, Rancho Vistoso
2637, Continental Ranch
2638, Dove Mountain
2639, Northwest
2640, Mercury
2641, Queen
2642, India
2643, Telangana
2644, Andhra Pradesh
2645, East India Company
2646, British Crown
2647, Princely states
2648, Mysore
2649, Kashmir
2650, Tennessee
2651, Supreme Court
2652, Furman v. Georgia
2653, United States
2654, Canada
2655, United Kingdom
2656, Europe
2657, Argentina
2658, British
2659, RAF
2660, Royal Family
2661, Santa Catalina Mountains
2662, Tucson Mountains
2663, Catalina
2664, Marana
2665, Picture Rocks
2666, Oro Valley
2667, Rancho Vistoso
2668, Continental Ranch
2669, Dove Mountain
2670, Northwest
2671, America
2672, Africa
2673, Asia
2674, Europe
2675, India
2676, Telangana
2677, Andhra Pradesh
2678, East India Company
2679, British Crown
2680, Princely states
2681, Mysore
2682, Kashmir
2683, Tennessee
2684, Supreme Court
2685, Furman v. Georgia
2686, United States
2687, Canada
2688, United Kingdom
2689, Europe
2690, Argentina
2691, British
2692, RAF
2693, Royal Family
2694, Santa Catalina Mountains
2695, Tucson Mountains
2696, Catalina
2697, Marana
2698, Picture Rocks
2699, Oro Valley
2700, Rancho Vistoso
2701, Continental Ranch
2702, Dove Mountain
2703, Northwest
2704, America
2705, Africa
2706," Asia 

However"
2707, the above output contains many duplicates. Here is the output with entities without duplicates
2708," concatenated with commas:

Queen"
2709, House of Hanover
2710, Falklands War
2711, Oerlikon GDF-002 35 mm twin cannon
2712, SAM Roland
2713, Rapier missile system
2714, FIM-92 Stinger
2715, Blowpipe missile
2716, Sea Dart
2717, Sea Slug
2718, Sea Cat
2719, Sea Wolf
2720, Mercury
2721, AIDS
2722, The Miracle
2723, Innuendo
2724, Capitol
2725, Disney's Hollywood Records
2726, Brit Award
2727, Hyderabad
2728, Telangana
2729, Andhra Pradesh
2730, Musi River
2731, India
2732, East India Company
2733, British Crown
2734, Princely states
2735, Mysore
2736, Kashmir
2737, Tennessee
2738, Supreme Court
2739, Furman v. Georgia
2740, United States
2741, Canada
2742, United Kingdom
2743, Europe
2744, Argentina
2745, British
2746, RAF
2747, Royal Family
2748, Santa Catalina Mountains
2749, Tucson Mountains
2750, Catalina
2751, Marana
2752, Picture Rocks
2753, Oro Valley
2754, Rancho Vistoso
2755, Continental Ranch
2756, Dove Mountain
2757, Northwest
2758, America
2759, Africa
2760, Asia
2761,Furman v. Georgia
2762, Georgia
2763, capital punishment
2764, 1978
2765, 1960
2766, 2000
2767, Tennessee
2768, April 2015
2769, The Irish Sun
2770, Page 3
2771, August 2013
2772, The Times
2773, January 2015
2774, von Neumann
2775, 140 pages
2776, modular lattice
2777, ℛ(R)
2778, R
2779, regular ring
2780, Kerrison Predictor
2781, mechanical computer
2782, radar
2783, Germany
2784, warblers
2785, hummingbirds
2786, flycatchers
2787, Agrobacterium tumefaciens
2788, plant cells
2789, Ti plasmid
2790, crown gall disease
2791, Schell
2792, Van Montagu
2793, Nif gene
2794, legumes
2795, nitrogen fixation
2796, genetically modified crops
2797, Ottoman Empire
2798, bashi-bazouks
2799, Bulgaria
2800, Russo-Turkish War
2801, 1876
2802, 1877-78
2803, Austria-Hungary
2804, Bosnia-Herzegovina
2805, Novi Pazar
2806, East Village
2807, Greenwich Village
2808, Commissioners' Plan
2809, 1811
2810, Alexander Ellis
2811, Hermann von Helmholtz
2812, The Sensations of Tone
2813, Syria
2814, Nasser
2815, Egypt
2816, Pygmalion
2817, Professor Henry Higgins
2818, January 1958
2819,"Here are the extracted entities concatenated with commas:

United Arab Republic"
2820, Syrian president Shukri al-Quwatli
2821, Nasser
2822, Dawisha
2823, Richmond
2824, Monumental Church
2825, St. Paul's Episcopal Church
2826, St. John's Episcopal Church
2827, First Baptist Church of Richmond
2828, First Presbyterian Church
2829, Stonewall Jackson
2830, St. Peter's Church
2831, Cathedral of the Sacred Heart
2832, Roman Catholic Diocese of Richmond
2833, Yale
2834, President Levin
2835, New Haven
2836, Seattle
2837, Puget Sound Convergence Zone
2838, Olympic Mountains
2839, Pacific Ocean
2840, Hanukkah Eve Wind Storm
2841, Paul Ehrlich
2842, Alfred Bertheim
2843, Institute of Experimental Therapy
2844, Berlin
2845, Salvarsan
2846, arsphenamine
2847, bacteria
2848, syphilis
2849, Andrew Johnson
2850, Abraham Lincoln
2851, Tennessee
2852, U.S. Congress
2853, Fourteenth Amendment
2854, Alan Hodgkin
2855, Andrew Huxley
2856, Bernard Katz
2857, Charles Sherrington
2858, action potential
2859, synapse
2860, brain.
